epoch,steps,cosine_pearson,cosine_spearman
0.4,50,0.5776807288884177,0.5810892223598975
0.8,100,0.6174004054303752,0.6262696044811813
1.2,150,0.6340028773022038,0.6450368401315608
1.6,200,0.6645935046095713,0.6658893241875381
2.0,250,0.6949519098125604,0.7048139610920288
