epoch,steps,cosine_pearson,cosine_spearman
0.4,50,0.5776807288884177,0.5810892223598975
0.8,100,0.6174004054303752,0.6262696044811813
